{"cameraMode":{"drawMode":0,"name":"Shaded","section":"Shading Mode"},"sceneLighting":false,"audioPlay":false,"sceneViewState":{"m_AlwaysRefresh":false,"showFog":true,"showSkybox":false,"showFlares":true,"showImageEffects":true,"showParticleSystems":true,"showVisualEffectGraphs":true,"m_FxEnabled":true},"in2DMode":false,"pivot":{"x":0.04730731248855591,"y":0.5913848876953125,"z":7.301568984985352e-7},"rotation":{"x":0.0717269778251648,"y":0.4279218018054962,"z":0.03409096971154213,"w":-0.9003182649612427},"size":0.683131754398346,"orthographic":false}