{"cameraMode":{"drawMode":0,"name":"Shaded","section":"Shading Mode"},"sceneLighting":false,"audioPlay":false,"sceneViewState":{"m_AlwaysRefresh":false,"showFog":true,"showSkybox":false,"showFlares":true,"showImageEffects":true,"showParticleSystems":true,"showVisualEffectGraphs":true,"m_FxEnabled":true},"in2DMode":false,"pivot":{"x":-0.19900012016296388,"y":0.8693214654922485,"z":0.3000008463859558},"rotation":{"x":-0.2013758271932602,"y":-0.5598148703575134,"z":0.14255797863006593,"w":-0.7909996509552002},"size":0.8660253882408142,"orthographic":false}