{"cameraMode":{"drawMode":0,"name":"Shaded","section":"Shading Mode"},"sceneLighting":false,"audioPlay":false,"sceneViewState":{"showFog":true,"showMaterialUpdate":false,"showSkybox":true,"showFlares":true,"showImageEffects":true,"showParticleSystems":true},"in2DMode":false,"pivot":{"x":0.05998730659484863,"y":1.1143518686294556,"z":-0.36960750818252566},"rotation":{"x":0.015925081446766855,"y":-0.7867863774299622,"z":0.020314274355769159,"w":0.6166854500770569},"size":2.168510675430298,"orthographic":false}