{"cameraMode":{"drawMode":0,"name":"Shaded","section":"Shading Mode"},"sceneLighting":false,"audioPlay":false,"sceneViewState":{"m_AlwaysRefresh":false,"showFog":true,"showSkybox":false,"showFlares":true,"showImageEffects":true,"showParticleSystems":true,"showVisualEffectGraphs":true,"m_FxEnabled":true},"in2DMode":false,"pivot":{"x":-2.5530214309692385,"y":0.024680137634277345,"z":9.51218318939209},"rotation":{"x":-0.16164034605026246,"y":-0.22519180178642274,"z":0.03793560341000557,"w":-0.9600350856781006},"size":10.214716911315918,"orthographic":false}