{"cameraMode":{"drawMode":0,"name":"Shaded","section":"Shading Mode"},"sceneLighting":true,"audioPlay":false,"sceneViewState":{"m_AlwaysRefresh":false,"showFog":true,"showSkybox":true,"showFlares":true,"showImageEffects":true,"showParticleSystems":true,"showVisualEffectGraphs":true,"m_FxEnabled":true},"in2DMode":false,"pivot":{"x":3.1145200729370119,"y":-1.4385128021240235,"z":8.041971206665039},"rotation":{"x":-0.12641094624996186,"y":0.05092277750372887,"z":-0.006336410064250231,"w":-0.9907416105270386},"size":5.027298450469971,"orthographic":false}