{"cameraMode":{"drawMode":0,"name":"Shaded","section":"Shading Mode"},"sceneLighting":true,"audioPlay":false,"sceneViewState":{"m_AlwaysRefresh":false,"showFog":true,"showSkybox":true,"showFlares":true,"showImageEffects":true,"showParticleSystems":true,"showVisualEffectGraphs":true,"m_FxEnabled":true},"in2DMode":false,"pivot":{"x":1.5166631937026978,"y":7.289208889007568,"z":-0.20359359681606294},"rotation":{"x":-0.40320613980293276,"y":-0.042809322476387027,"z":0.018886074423789979,"w":-0.9139178991317749},"size":2.0660252571105959,"orthographic":false}