{"cameraMode":{"drawMode":0,"name":"Shaded","section":"Shading Mode"},"sceneLighting":true,"audioPlay":false,"sceneViewState":{"m_AlwaysRefresh":false,"showFog":true,"showSkybox":true,"showFlares":true,"showImageEffects":true,"showParticleSystems":true,"showVisualEffectGraphs":true,"m_FxEnabled":true},"in2DMode":false,"pivot":{"x":-1.2757090330123902,"y":3.7829387187957765,"z":-17.601430892944337},"rotation":{"x":-0.007449139375239611,"y":-0.12240994721651077,"z":-0.0008797977934591472,"w":0.9924953579902649},"size":1.1660254001617432,"orthographic":false}