{"cameraMode":{"drawMode":0,"name":"Shaded","section":"Shading Mode"},"sceneLighting":true,"audioPlay":false,"sceneViewState":{"m_AlwaysRefresh":false,"showFog":true,"showSkybox":true,"showFlares":true,"showImageEffects":true,"showParticleSystems":true,"showVisualEffectGraphs":true,"m_FxEnabled":true},"in2DMode":false,"pivot":{"x":5.278675079345703,"y":-1.9504172801971436,"z":7.079922676086426},"rotation":{"x":0.20962806046009065,"y":0.15382316708564759,"z":-0.03349629044532776,"w":0.9651034474372864},"size":4.127538204193115,"orthographic":false}