{"cameraMode":{"drawMode":0,"name":"Shaded","section":"Shading Mode"},"sceneLighting":true,"audioPlay":false,"sceneViewState":{"m_AlwaysRefresh":false,"showFog":true,"showSkybox":true,"showFlares":true,"showImageEffects":true,"showParticleSystems":true,"showVisualEffectGraphs":true,"m_FxEnabled":true},"in2DMode":false,"pivot":{"x":-0.06884163618087769,"y":1.5237739086151124,"z":0.10369300842285156},"rotation":{"x":-0.23370425403118134,"y":0.10534671694040299,"z":-0.0254797525703907,"w":-0.9662511944770813},"size":3.9571239948272707,"orthographic":false}