{"cameraMode":{"drawMode":0,"name":"Shaded","section":"Shading Mode"},"sceneLighting":true,"audioPlay":false,"sceneViewState":{"m_AlwaysRefresh":false,"showFog":true,"showSkybox":true,"showFlares":true,"showImageEffects":true,"showParticleSystems":true,"showVisualEffectGraphs":true,"m_FxEnabled":true},"in2DMode":false,"pivot":{"x":-50.26327133178711,"y":3.4277188777923586,"z":5.698766231536865},"rotation":{"x":0.001233734656125307,"y":-0.5685854554176331,"z":0.0008520756382495165,"w":0.8226221203804016},"size":15.350847244262696,"orthographic":false}