{"cameraMode":{"drawMode":0,"name":"Shaded","section":"Shading Mode"},"sceneLighting":true,"audioPlay":false,"sceneViewState":{"m_AlwaysRefresh":false,"showFog":true,"showSkybox":true,"showFlares":true,"showImageEffects":true,"showParticleSystems":true,"showVisualEffectGraphs":true,"m_FxEnabled":true},"in2DMode":false,"pivot":{"x":3.414868116378784,"y":3.0037052631378176,"z":-3.3901376724243166},"rotation":{"x":-0.4142014980316162,"y":0.29543519020080569,"z":-0.14395667612552644,"w":-0.8488669991493225},"size":1.8000173568725587,"orthographic":false}