{"cameraMode":{"drawMode":0,"name":"Shaded","section":"Shading Mode"},"sceneLighting":true,"audioPlay":false,"sceneViewState":{"m_AlwaysRefresh":false,"showFog":true,"showSkybox":true,"showFlares":true,"showImageEffects":true,"showParticleSystems":true,"showVisualEffectGraphs":true,"m_FxEnabled":true},"in2DMode":false,"pivot":{"x":28.82717514038086,"y":-10.374828338623047,"z":7.242927074432373},"rotation":{"x":0.5211632251739502,"y":0.043241050094366077,"z":-0.026452986523509027,"w":0.851951003074646},"size":10.024969100952149,"orthographic":false}