{"cameraMode":{"drawMode":0,"name":"Shaded","section":"Shading Mode"},"sceneLighting":true,"audioPlay":false,"sceneViewState":{"m_AlwaysRefresh":false,"showFog":true,"showSkybox":true,"showFlares":true,"showImageEffects":true,"showParticleSystems":true,"showVisualEffectGraphs":true,"m_FxEnabled":true},"in2DMode":false,"pivot":{"x":-1.4025001525878907,"y":0.6037499904632568,"z":3.4649999141693117},"rotation":{"x":0.45313122868537905,"y":0.1711006462574005,"z":-0.08906484395265579,"w":0.870380163192749},"size":0.8660253882408142,"orthographic":false}