{"cameraMode":{"drawMode":0,"name":"Shaded","section":"Shading Mode"},"sceneLighting":true,"audioPlay":false,"sceneViewState":{"m_AlwaysRefresh":false,"showFog":true,"showSkybox":true,"showFlares":true,"showImageEffects":true,"showParticleSystems":true,"showVisualEffectGraphs":true,"m_FxEnabled":true},"in2DMode":false,"pivot":{"x":2.6318061351776125,"y":2.612204074859619,"z":-8.615325927734375},"rotation":{"x":0.3676241338253021,"y":-0.014215664006769658,"z":0.005619439762085676,"w":0.9298487305641174},"size":1.2571241855621338,"orthographic":false}