{"cameraMode":{"drawMode":0,"name":"Shaded","section":"Shading Mode"},"sceneLighting":true,"audioPlay":false,"sceneViewState":{"m_AlwaysRefresh":false,"showFog":true,"showSkybox":true,"showFlares":true,"showImageEffects":true,"showParticleSystems":true,"showVisualEffectGraphs":true,"m_FxEnabled":true},"in2DMode":false,"pivot":{"x":2.390000104904175,"y":2.990000009536743,"z":-11.699000358581543},"rotation":{"x":-0.3708989918231964,"y":-0.13058088719844819,"z":0.052761491388082507,"w":-0.9179370999336243},"size":0.8660253882408142,"orthographic":false}