{"cameraMode":{"drawMode":0,"name":"Shaded","section":"Shading Mode"},"sceneLighting":true,"audioPlay":false,"sceneViewState":{"m_AlwaysRefresh":false,"showFog":true,"showSkybox":true,"showFlares":true,"showImageEffects":true,"showParticleSystems":true,"showVisualEffectGraphs":true,"m_FxEnabled":true},"in2DMode":false,"pivot":{"x":2.474073886871338,"y":2.9221408367156984,"z":6.01885986328125},"rotation":{"x":0.22089596092700959,"y":0.038549840450286868,"z":-0.008913508616387844,"w":0.974578857421875},"size":2.442615509033203,"orthographic":false}